{"cameraMode":{"drawMode":0,"name":"Shaded","section":"Shading Mode"},"sceneLighting":false,"audioPlay":false,"sceneViewState":{"m_AlwaysRefresh":false,"showFog":true,"showSkybox":false,"showFlares":true,"showImageEffects":true,"showParticleSystems":true,"showVisualEffectGraphs":true,"m_FxEnabled":true},"in2DMode":false,"pivot":{"x":-2.551799774169922,"y":2.1436996459960939,"z":0.5146279335021973},"rotation":{"x":-0.28283971548080447,"y":-0.3518403172492981,"z":0.11259189248085022,"w":-0.8852667212486267},"size":17.137683868408204,"orthographic":true}