{"cameraMode":{"drawMode":0,"name":"Shaded","section":"Shading Mode"},"sceneLighting":false,"audioPlay":false,"sceneViewState":{"m_AlwaysRefresh":false,"showFog":true,"showSkybox":false,"showFlares":true,"showImageEffects":true,"showParticleSystems":true,"showVisualEffectGraphs":true,"m_FxEnabled":true},"in2DMode":false,"pivot":{"x":68.74420928955078,"y":2.2803568840026857,"z":-33.630001068115237},"rotation":{"x":-0.07194548100233078,"y":-0.9259271621704102,"z":0.29283565282821658,"w":-0.22746483981609345},"size":1.2247449159622193,"orthographic":false}